"Comments","Tags","TestCase","Key Word","Argument 1","Argument 2"
,,,"loadSahi","12TwentyKeyword.sah"

,,,"[MBA Standard Reports]","Path of the Excel Data File","Report Name"
,"Actual",,"//MBA_Actual","$path_datafile","$sData_MBA"
,,,"[Business Week Reports]","Path of the Excel Data File","Report Name"
,"Actual",,"BusinessWeek_Actual","$path_datafile","$sData_BWR"
,,,"[NACE Reports]","Path of the Excel Data File","Report Name"
,"Actual",,"//NaceReports_Actual","$path_datafile","$sData_NACE"
,,,"[NALP Reports]","Path of the Excel Data File","Report Name"
,"Actual",,"//NALP_Actual","$path_datafile","$sData_NALP"
,,,"[ABA Reports]","Path of the Excel Data File","Report Name"
,"Actual",,"//ABA_Actual","$path_datafile","$sData_ABA"
,,,"[Class Status Reports]","Path of the Excel Data File","Report Name"
,"Actual",,"//ClassStatus_Actual","$path_datafile","$sData_CS"